"Sepal.Length","Sepal.Width","Petal.Length","Petal.Width","Species","Good"
5.1,3.5,1.4,0.2,"setosa","bad"
4.9,3,1.4,0.2,"setosa","medium"
4.7,3.2,1.3,0.2,"setosa","good"
4.6,3.1,1.5,0.2,"setosa","medium"
5,3.6,1.4,0.2,"setosa","good"
5.4,3.9,1.7,0.4,"setosa","bad"
4.6,3.4,1.4,0.3,"setosa","bad"
5,3.4,1.5,0.2,"setosa","medium"
4.4,2.9,1.4,0.2,"setosa","good"
4.9,3.1,1.5,0.1,"setosa","good"
5.4,3.7,1.5,0.2,"setosa","medium"
4.8,3.4,1.6,0.2,"setosa","medium"
4.8,3,1.4,0.1,"setosa","bad"
4.3,3,1.1,0.1,"setosa","bad"
5.8,4,1.2,0.2,"setosa","bad"
5.7,4.4,1.5,0.4,"setosa","medium"
5.4,3.9,1.3,0.4,"setosa","good"
5.1,3.5,1.4,0.3,"setosa","good"
5.7,3.8,1.7,0.3,"setosa","medium"
4.7,3.2,1.6,0.2,"setosa","bad"
4.8,3.1,1.6,0.2,"setosa","good"
5.4,3.4,1.5,0.4,"setosa","medium"
5.2,4.1,1.5,0.1,"setosa","good"
5.5,4.2,1.4,0.2,"setosa","medium"
4.9,3.1,1.5,0.2,"setosa","bad"
5,3.2,1.2,0.2,"setosa","medium"
5.5,3.5,1.3,0.2,"setosa","medium"
4.9,3.6,1.4,0.1,"setosa","bad"
4.4,3,1.3,0.2,"setosa","medium"
5.1,3.4,1.5,0.2,"setosa","bad"
5,3.5,1.3,0.3,"setosa","medium"
4.5,2.3,1.3,0.3,"setosa","medium"
4.4,3.2,1.3,0.2,"setosa","medium"
5,3.5,1.6,0.6,"setosa","medium"
5.1,3.8,1.9,0.4,"setosa","bad"
4.8,3,1.4,0.3,"setosa","medium"
5.1,3.8,1.6,0.2,"setosa","good"
4.6,3.2,1.4,0.2,"setosa","good"
5.3,3.7,1.5,0.2,"setosa","good"
5,3.3,1.4,0.2,"setosa","medium"
7,3.2,4.7,1.4,"versicolor","medium"
6.4,3.2,4.5,1.5,"versicolor","good"
6.9,3.1,4.9,1.5,"versicolor","medium"
5.5,2.3,4,1.3,"versicolor","medium"
6.5,2.8,4.6,1.5,"versicolor","bad"
5.7,2.8,4.5,1.3,"versicolor","medium"
6.3,3.3,4.7,1.6,"versicolor","good"
4.9,2.4,3.3,1,"versicolor","medium"
6.6,2.9,4.6,1.3,"versicolor","good"
5.2,2.7,3.9,1.4,"versicolor","medium"
5,2,3.5,1,"versicolor","good"
5.9,3,4.2,1.5,"versicolor","medium"
6,2.2,4,1,"versicolor","medium"
6.1,2.9,4.7,1.4,"versicolor","good"
5.6,2.9,3.6,1.3,"versicolor","bad"
6.7,3.1,4.4,1.4,"versicolor","medium"
5.6,3,4.5,1.5,"versicolor","good"
5.8,2.7,4.1,1,"versicolor","medium"
6.2,2.2,4.5,1.5,"versicolor","medium"
5.6,2.5,3.9,1.1,"versicolor","good"
5.9,3.2,4.8,1.8,"versicolor","bad"
6.1,2.8,4,1.3,"versicolor","medium"
6.3,2.5,4.9,1.5,"versicolor","good"
6.1,2.8,4.7,1.2,"versicolor","good"
6.4,2.9,4.3,1.3,"versicolor","good"
6.6,3,4.4,1.4,"versicolor","good"
6.8,2.8,4.8,1.4,"versicolor","medium"
6.7,3,5,1.7,"versicolor","medium"
6,2.9,4.5,1.5,"versicolor","medium"
5.7,2.6,3.5,1,"versicolor","medium"
5.7,3,4.2,1.2,"versicolor","medium"
5.7,2.9,4.2,1.3,"versicolor","bad"
6.2,2.9,4.3,1.3,"versicolor","bad"
5.1,2.5,3,1.1,"versicolor","good"
5.7,2.8,4.1,1.3,"versicolor","good"
6.3,3.3,6,2.5,"virginica","medium"
5.8,2.7,5.1,1.9,"virginica","bad"
7.1,3,5.9,2.1,"virginica","good"
6.3,2.9,5.6,1.8,"virginica","medium"
6.5,3,5.8,2.2,"virginica","good"
7.6,3,6.6,2.1,"virginica","medium"
4.9,2.5,4.5,1.7,"virginica","medium"
7.3,2.9,6.3,1.8,"virginica","good"
6.7,2.5,5.8,1.8,"virginica","bad"
7.2,3.6,6.1,2.5,"virginica","bad"
6.5,3.2,5.1,2,"virginica","medium"
6.4,2.7,5.3,1.9,"virginica","good"
6.8,3,5.5,2.1,"virginica","medium"
5.7,2.5,5,2,"virginica","medium"
5.8,2.8,5.1,2.4,"virginica","good"
6.4,3.2,5.3,2.3,"virginica","good"
6.5,3,5.5,1.8,"virginica","medium"
7.7,3.8,6.7,2.2,"virginica","good"
7.7,2.6,6.9,2.3,"virginica","good"
6.7,3.3,5.7,2.1,"virginica","good"
7.2,3.2,6,1.8,"virginica","medium"
6.2,2.8,4.8,1.8,"virginica","bad"
6.1,3,4.9,1.8,"virginica","medium"
6.4,2.8,5.6,2.1,"virginica","bad"
7.2,3,5.8,1.6,"virginica","medium"
7.4,2.8,6.1,1.9,"virginica","bad"
7.9,3.8,6.4,2,"virginica","medium"
6.4,2.8,5.6,2.2,"virginica","good"
6.3,2.8,5.1,1.5,"virginica","medium"
6.1,2.6,5.6,1.4,"virginica","good"
7.7,3,6.1,2.3,"virginica","bad"
6.3,3.4,5.6,2.4,"virginica","medium"
6.4,3.1,5.5,1.8,"virginica","good"
6,3,4.8,1.8,"virginica","medium"
6.9,3.1,5.4,2.1,"virginica","good"
6.7,3.1,5.6,2.4,"virginica","medium"
6.9,3.1,5.1,2.3,"virginica","good"
5.8,2.7,5.1,1.9,"virginica","bad"
6.8,3.2,5.9,2.3,"virginica","medium"
6.7,3.3,5.7,2.5,"virginica","good"
6.7,3,5.2,2.3,"virginica","good"
6.3,2.5,5,1.9,"virginica","bad"
6.5,3,5.2,2,"virginica","medium"
6.2,3.4,5.4,2.3,"virginica","bad"
5.9,3,5.1,1.8,"virginica","medium"
